m,p,t,c,a
0.04,0.4,0.12,1,-0.269524612808798
0.04,0.4,0.12,1,-0.229116538141938
0.04,0.4,0.12,1,1.63232953442619
0.04,0.4,0.12,1,-1.87946511715532
0.04,0.4,0.12,1,-0.925841855353002
0.04,0.4,0.12,1,-1.83670120586431
0.04,0.4,0.12,1,-1.20207437742471
0.04,0.4,0.12,1,-0.855444867959466
0.04,0.4,0.12,1,-0.746542622566964
0.04,0.4,0.12,1,1.56608457745521
0.04,0.4,0.12,1,-0.770608949064814
0.04,0.4,0.12,1,1.93058546150181
0.04,0.4,0.12,1,-0.328272430483276
0.04,0.4,0.12,1,0.0832418822950101
0.04,0.4,0.12,1,1.3935356712275
0.04,0.4,0.12,1,-0.295861420314663
0.04,0.4,0.12,1,-1.41504515580992
0.04,0.4,0.12,1,1.56195829874646
0.04,0.4,0.12,1,1.54222825277904
0.04,0.4,0.12,1,1.79453518573454
0.04,0.4,0.12,1,1.71218858387064
0.04,0.4,0.12,1,1.59160967720513
0.04,0.4,0.12,1,-1.35965670022491
0.04,0.4,0.12,1,0.968914740714472
0.04,0.4,0.12,1,1.17552465068452
0.04,0.4,0.12,1,0.985066683455698
0.04,0.4,0.12,1,0.986951742084019
0.04,0.4,0.12,1,-0.821990917792389
0.04,0.4,0.12,1,1.19223203765022
0.04,0.4,0.12,1,0.984760162807325
0.04,0.4,0.12,1,1.23968549451122
0.04,0.4,0.12,1,-1.01712211743312
0.04,0.4,0.12,1,1.84566717195217
0.04,0.4,0.12,1,1.65626828461017
0.04,0.4,0.12,1,0.610945767230205
0.04,0.4,0.12,1,-0.43787527628252
0.04,0.4,0.12,1,-1.64529228224277
0.04,0.4,0.12,1,-0.318690807092688
0.04,0.4,0.12,1,1.68799287594386
0.04,0.4,0.12,1,-1.17467536771462
0.04,0.4,0.12,1,-1.58172951155445
0.04,0.4,0.12,1,-1.98258351598605
0.04,0.4,0.12,1,-0.174629173802874
0.04,0.4,0.12,1,1.42267112208789
0.04,0.4,0.12,1,1.46943910977613
0.04,0.4,0.12,1,-1.24185805597094
0.04,0.4,0.12,1,-0.352506156211815
0.04,0.4,0.12,1,1.38759040101526
0.04,0.4,0.12,1,1.75137555910658
0.04,0.4,0.12,1,-1.87704292464381
0.04,0.4,0.12,1,1.90516943642826
0.04,0.4,0.12,1,-0.844045168038842
0.04,0.4,0.12,1,1.54726135075922
0.04,0.4,0.12,1,-1.84747973622656
0.04,0.4,0.12,1,0.430165383269097
0.04,0.4,0.12,1,1.656757202599
0.04,0.4,0.12,1,1.25609170131885
0.04,0.4,0.12,1,-1.58148673966238
0.04,0.4,0.12,1,0.0645727742216864
0.04,0.4,0.12,1,1.99292468761096
0.04,0.4,0.12,1,-1.51508123342442
0.04,0.4,0.12,1,-1.21051373067445
0.04,0.4,0.12,1,1.29385853626673
0.04,0.4,0.12,1,-0.41209280656208
0.04,0.4,0.12,1,0.0671165981339459
0.04,0.4,0.12,1,-0.757470563798897
0.04,0.4,0.12,1,-1.87405611041027
0.04,0.4,0.12,1,-0.39002317307114
0.04,0.4,0.12,1,1.78562659754444
0.04,0.4,0.12,1,-1.70199672467693
0.04,0.4,0.12,1,1.27058927339909
0.04,0.4,0.12,1,-1.57395556206873
0.04,0.4,0.12,1,0.570716205425565
0.04,0.4,0.12,1,1.64300358871304
0.04,0.4,0.12,1,-0.0897274373657133
0.04,0.4,0.12,1,1.32631339293698
0.04,0.4,0.12,1,1.26117067994078
0.04,0.4,0.12,1,-0.421505622480851
0.04,0.4,0.12,1,1.23952806651247
0.04,0.4,0.12,1,1.39357775481795
0.04,0.4,0.12,1,-0.577883045726546
0.04,0.4,0.12,1,-0.646711946684222
0.04,0.4,0.12,1,-0.964872904447924
0.04,0.4,0.12,1,-1.36171258557855
0.04,0.4,0.12,1,0.966980395916524
0.04,0.4,0.12,1,-1.08451033074713
0.04,0.4,0.12,1,0.086923372324391
0.04,0.4,0.12,1,-0.511713254722765
0.04,0.4,0.12,1,0.976688111405597
0.04,0.4,0.12,1,0.975015359448625
0.04,0.4,0.12,1,0.702989626748722
0.04,0.4,0.12,1,-1.55793339147852
0.04,0.4,0.12,1,0.862292954891104
0.04,0.4,0.12,1,-1.19162924918036
0.04,0.4,0.12,1,1.77006095678195
0.04,0.4,0.12,1,0.677588632584175
0.04,0.4,0.12,1,0.964036441047244
0.04,0.4,0.12,1,-1.78921972991237
0.04,0.4,0.12,1,0.53426192013879
0.04,0.4,0.12,1,-1.6015186519367
0.04,0.4,0.12,1,1.7727485329843
0.04,0.4,0.12,1,0.101724877909048
0.04,0.4,0.12,1,-1.56592129917576
0.04,0.4,0.12,1,0.1017164426202
0.04,0.4,0.12,1,0.551915966420241
0.04,0.4,0.12,1,0.235524421367477
0.04,0.4,0.12,1,1.5491607496674
0.04,0.4,0.12,1,-1.45687790499606
0.04,0.4,0.12,1,-1.78587313896363
0.04,0.4,0.12,1,0.0579475069658018
0.04,0.4,0.12,1,0.728667261159437
0.04,0.4,0.12,1,-1.9589864195157
0.04,0.4,0.12,1,-0.978589232422507
0.04,0.4,0.12,1,-0.848342733325336
0.04,0.4,0.12,1,-1.48800732825969
0.04,0.4,0.12,1,-0.878362593005187
0.04,0.4,0.12,1,0.422266136947135
0.04,0.4,0.12,1,1.29983302766341
0.04,0.4,0.12,1,0.958718347130894
0.04,0.4,0.12,1,-0.822727693379206
0.04,0.4,0.12,1,-0.766308295749593
0.04,0.4,0.12,1,1.18082869665835
0.04,0.4,0.12,1,-0.345138340784894
0.04,0.4,0.12,1,-0.0326325547353403
0.04,0.4,0.12,1,1.21497647222262
0.04,0.4,0.12,1,-0.643331768817559
0.04,0.4,0.12,1,-0.126689337540029
0.04,0.4,0.12,1,-1.54562593679018
0.04,0.4,0.12,1,0.539352689071888
0.04,0.4,0.12,1,0.176694597801066
0.04,0.4,0.12,1,-0.0548290368822895
0.04,0.4,0.12,1,1.97935657576622
0.04,0.4,0.12,1,-1.64223062970822
0.04,0.4,0.12,1,0.728248109714207
0.04,0.4,0.12,1,0.0689646386919542
0.04,0.4,0.12,1,-0.630757426393071
0.04,0.4,0.12,1,1.49485900458317
0.04,0.4,0.12,1,-1.33099171403986
0.04,0.4,0.12,1,-0.647870627838923
0.04,0.4,0.12,1,-1.72454679588069
0.04,0.4,0.12,1,-1.14356823071688
0.04,0.4,0.12,1,-0.209565325967183
0.04,0.4,0.12,1,-0.567857774014204
0.04,0.4,0.12,1,-0.211037658930875
0.04,0.4,0.12,1,-1.13500813941918
0.04,0.4,0.12,1,-0.412089081398077
0.04,0.4,0.12,1,-1.18925660204418
0.04,0.4,0.12,1,1.52549693675644
0.04,0.4,0.12,1,0.676366101980297
0.04,0.4,0.12,1,-0.175766483523849
0.04,0.4,0.12,1,-0.683037995769259
0.04,0.4,0.12,1,0.758444228092264
0.04,0.4,0.12,1,-0.304747753212107
0.04,0.4,0.12,1,-1.85843634150124
0.04,0.4,0.12,1,0.377845751752418
0.04,0.4,0.12,1,1.50001585343853
0.04,0.4,0.12,1,-0.778100126966632
0.04,0.4,0.12,1,-1.78923650432963
0.04,0.4,0.12,1,0.926078068450305
0.04,0.4,0.12,1,-1.87968858807425
0.04,0.4,0.12,1,1.759389087042
0.04,0.4,0.12,1,-1.32238541734035
0.04,0.4,0.12,1,0.907134075743618
0.04,0.4,0.12,1,-0.597314928328517
0.04,0.4,0.12,1,1.34644777908491
0.04,0.4,0.12,1,-1.89649825338493
0.04,0.4,0.12,1,-1.61083753621258
0.04,0.4,0.12,1,1.24093467158438
0.04,0.4,0.12,1,-1.06213722045415
0.04,0.4,0.12,1,1.61225872963288
0.04,0.4,0.12,1,0.58096361455768
0.04,0.4,0.12,1,1.03987808552581
0.04,0.4,0.12,1,-0.921527900070482
0.04,0.4,0.12,1,1.87690852606021
0.04,0.4,0.12,1,1.33897669676724
0.04,0.4,0.12,1,-0.647459996615622
0.04,0.4,0.12,1,1.17239760601483
0.04,0.4,0.12,1,1.85456502637656
0.04,0.4,0.12,1,0.525747696648741
0.04,0.4,0.12,1,-0.200901837279643
0.04,0.4,0.12,1,-0.226854275918413
0.04,0.4,0.12,1,-1.99146058921356
0.04,0.4,0.12,1,1.63953309045634
0.04,0.4,0.12,1,0.525927357235206
0.04,0.4,0.12,1,-0.682411560702595
0.04,0.4,0.12,1,1.49497302906085
0.04,0.4,0.12,1,0.853289235828177
0.04,0.4,0.12,1,-0.993622726475786
0.04,0.4,0.12,1,0.509453452527056
0.04,0.4,0.12,1,-1.93876539026625
0.04,0.4,0.12,1,0.260892467908048
0.04,0.4,0.12,1,-1.68232512104623
0.04,0.4,0.12,1,1.79249705481599
0.04,0.4,0.12,1,-0.227324203429607
0.04,0.4,0.12,1,-0.996950932685606
0.04,0.4,0.12,1,0.553676561168472
0.04,0.4,0.12,1,1.68309585579613
0.04,0.4,0.12,1,0.438984529347552
0.04,0.4,0.12,1,0.919478862838294
0.04,0.4,0.12,1,1.30637258660377
0.04,0.4,0.12,1,1.31578602872937
0.04,0.4,0.12,1,-0.429290905465992
0.04,0.4,0.12,1,-1.69288153073672
0.04,0.4,0.12,1,1.79865175318056
0.04,0.4,0.12,1,1.09146405298149
0.04,0.4,0.12,1,0.312123041977113
0.04,0.4,0.12,1,-0.889651293742036
0.04,0.4,0.12,1,-1.76929444493739
0.04,0.4,0.12,1,-1.09620683432246
0.04,0.4,0.12,1,0.767045984440602
0.04,0.4,0.12,1,1.68865489973992
0.04,0.4,0.12,1,1.86453831905287
0.04,0.4,0.12,1,1.42379375770487
0.04,0.4,0.12,1,-1.15672759575249
0.04,0.4,0.12,1,0.0558817902242503
0.04,0.4,0.12,1,0.778551581903987
0.04,0.4,0.12,1,-1.35592734554111
0.04,0.4,0.12,1,-1.78389140262433
0.04,0.4,0.12,1,0.977650374044198
0.04,0.4,0.12,1,-1.79361594955646
0.04,0.4,0.12,1,-1.85287732042422
0.04,0.4,0.12,1,-0.937433695925291
0.04,0.4,0.12,1,0.523749454944119
0.04,0.4,0.12,1,-1.98430773105647
0.04,0.4,0.12,1,-0.392729371993581
0.04,0.4,0.12,1,-0.273639041710205
0.04,0.4,0.12,1,-0.235025597022569
0.04,0.4,0.12,1,-1.18414451104909
0.04,0.4,0.12,1,1.41885113157062
0.04,0.4,0.12,1,-1.68190343417957
0.04,0.4,0.12,1,-1.46808112643016
0.04,0.4,0.12,1,0.348809377962244
0.04,0.4,0.12,1,1.36783857730742
0.04,0.4,0.12,1,-1.71283949810925
0.04,0.4,0.12,1,1.65903159655056
0.04,0.4,0.12,1,-1.34515792799148
0.04,0.4,0.12,1,1.42607870540693
0.04,0.4,0.12,1,-1.88698331898785
0.04,0.4,0.12,1,1.99578721510177
0.04,0.4,0.12,1,0.43185553437405
0.04,0.4,0.12,1,-0.367998108434493
0.04,0.4,0.12,1,0.359896925170504
0.04,0.4,0.12,1,-0.487896945299263
0.04,0.4,0.12,1,0.871004866960483
0.04,0.4,0.12,1,-1.62204402418802
0.04,0.4,0.12,1,-1.67562938779797
0.04,0.4,0.12,1,1.33625571601054
0.04,0.4,0.12,1,0.0725162967972226
0.04,0.4,0.12,1,-1.73122183258305
0.04,0.4,0.12,1,-0.844266386219353
0.04,0.4,0.12,1,0.694094623555363
0.04,0.4,0.12,1,1.32116039060896
0.04,0.4,0.12,1,1.48020282453797
0.04,0.4,0.12,1,-0.370665691205796
0.04,0.4,0.12,1,-1.39416505581601
0.04,0.4,0.12,1,-0.0111456787057436
0.04,0.4,0.12,1,1.84800230810061
0.04,0.4,0.12,1,-0.408210224843493
0.04,0.4,0.12,1,0.270554587944229
0.04,0.4,0.12,1,-0.0905834581391485
0.04,0.4,0.12,1,-0.396948887750423
0.04,0.4,0.12,1,0.569014497401099
0.04,0.4,0.12,1,-1.11979837355418
0.04,0.4,0.12,1,-1.98443829686818
0.04,0.4,0.12,1,-0.204526387762841
0.04,0.4,0.12,1,0.238098772119779
0.04,0.4,0.12,1,-1.07627415797402
0.04,0.4,0.12,1,1.03814656397878
0.04,0.4,0.12,1,-1.80087460744531
0.04,0.4,0.12,1,0.171810459888638
0.04,0.4,0.12,1,0.35585705382887
0.04,0.4,0.12,1,1.48382882475625
0.04,0.4,0.12,1,-0.59649872046321
0.04,0.4,0.12,1,-1.06090319183964
0.04,0.4,0.12,1,-0.511291407283801
0.04,0.4,0.12,1,0.498636992106384
0.04,0.4,0.12,1,0.669566531543226
0.04,0.4,0.12,1,0.187143467303249
0.04,0.4,0.12,1,-0.19665617299441
0.04,0.4,0.12,1,-1.79151193910998
0.04,0.4,0.12,1,-1.05692099840026
0.04,0.4,0.12,1,1.76375893625067
0.04,0.4,0.12,1,0.524075589977298
0.04,0.4,0.12,1,0.860069513647153
0.04,0.4,0.12,1,-1.78301334202122
0.04,0.4,0.12,1,1.52958787516874
0.04,0.4,0.12,1,0.993011257028802
0.04,0.4,0.12,1,-1.21424209834606
0.04,0.4,0.12,1,-0.0998509206693714
0.04,0.4,0.12,1,-1.69247136957595
0.04,0.4,0.12,1,-0.930357252092621
0.04,0.4,0.12,1,1.14373269260302
0.04,0.4,0.12,1,-1.1973512320863
0.04,0.4,0.12,1,-1.94091533642475
0.04,0.4,0.12,1,1.77545567708869
0.04,0.4,0.12,1,-1.14090944286549
0.04,0.4,0.12,1,-0.931679343168613
0.04,0.4,0.12,1,-1.20912452066106
0.04,0.4,0.12,1,-0.0635737136966577
0.04,0.4,0.12,1,-1.33155844318404
0.04,0.4,0.12,1,1.41977645758998
0.04,0.4,0.12,1,-1.89076853319585
0.04,0.4,0.12,1,-1.45741922586851
0.04,0.4,0.12,1,-0.230877856772324
0.04,0.4,0.12,1,0.654914030255356
0.04,0.4,0.12,1,-1.36136795478043
0.04,0.4,0.12,1,-1.9437564647313
0.04,0.4,0.12,1,-0.797553228453264
0.04,0.4,0.12,1,0.100239872397158
0.04,0.4,0.12,1,-1.3150083438635
0.04,0.4,0.12,1,-1.92809169832859
0.04,0.4,0.12,1,1.89989262864314
0.04,0.4,0.12,1,1.42485344230958
0.04,0.4,0.12,1,-0.848819789594816
0.04,0.4,0.12,1,-1.94948051863396
0.04,0.4,0.12,1,1.72150529834357
0.04,0.4,0.12,1,1.62586959498118
0.04,0.4,0.12,1,-1.11594826766626
0.04,0.4,0.12,1,0.592393627647581
0.04,0.4,0.12,1,1.58364639045039
0.04,0.4,0.12,1,-1.45775951509893
0.04,0.4,0.12,1,1.74163773556888
0.04,0.4,0.12,1,1.61579167554611
0.04,0.4,0.12,1,-1.04683899744684
0.04,0.4,0.12,1,1.16380505260591
0.04,0.4,0.12,1,1.70872523377634
0.04,0.4,0.12,1,1.43438247261121
0.04,0.4,0.12,1,0.0468735212231981
0.04,0.4,0.12,1,-0.506877783653156
0.04,0.4,0.12,1,0.946924609529936
0.04,0.4,0.12,1,0.931025939644862
0.04,0.4,0.12,1,0.548676351508835
0.04,0.4,0.12,1,-1.16081119370015
0.04,0.4,0.12,1,-0.457656721770278
0.04,0.4,0.12,1,-1.27217198959557
0.04,0.4,0.12,1,0.762014744887342
0.04,0.4,0.12,1,1.817356948443
0.04,0.4,0.12,1,-1.66390365346001
0.04,0.4,0.12,1,-1.97398698254489
0.04,0.4,0.12,1,0.566214795839481
0.04,0.4,0.12,1,-0.935362225958362
0.04,0.4,0.12,1,0.832351262499873
0.04,0.4,0.12,1,-0.686287106377964
0.04,0.4,0.12,1,-0.298295556638714
0.04,0.4,0.12,1,1.39232935952482
0.04,0.4,0.12,1,-1.98878702451438
0.04,0.4,0.12,1,-0.150428064895427
0.04,0.4,0.12,1,1.41558152208885
0.04,0.4,0.12,1,-1.22133140053872
0.04,0.4,0.12,1,-1.23948590474741
0.04,0.4,0.12,1,-0.576422244883619
0.04,0.4,0.12,1,-1.55826012184976
0.04,0.4,0.12,1,0.601378731034198
0.04,0.4,0.12,1,1.42830959000834
0.04,0.4,0.12,1,-1.26742152787502
0.04,0.4,0.12,1,-1.12458661909853
0.04,0.4,0.12,1,-1.54433342703935
0.04,0.4,0.12,1,-1.90001487146021
0.04,0.4,0.12,1,-1.85320930614365
0.04,0.4,0.12,1,0.363742567980951
0.04,0.4,0.12,1,-1.79882584978156
0.04,0.4,0.12,1,-0.608244947316512
0.04,0.4,0.12,1,1.35345452579928
0.04,0.4,0.12,1,-1.09431177141397
0.04,0.4,0.12,1,-0.365458113823117
0.04,0.4,0.12,1,-0.748635677798824
0.04,0.4,0.12,1,1.16846054090087
0.04,0.4,0.12,1,-1.90669092300133
0.04,0.4,0.12,1,1.22095184497312
0.04,0.4,0.12,1,-1.21645721108879
0.04,0.4,0.12,1,-1.99183889066719
0.04,0.4,0.12,1,1.95896270238085
0.04,0.4,0.12,1,0.0382950910778859
0.04,0.4,0.12,1,-1.54458326493137
0.04,0.4,0.12,1,-0.67847402949379
0.04,0.4,0.12,1,-0.204509597916922
0.04,0.4,0.12,1,0.714492554799947
0.04,0.4,0.12,1,1.2958896426998
0.04,0.4,0.12,1,-1.25156475428453
0.04,0.4,0.12,1,-0.870128024854925
0.04,0.4,0.12,1,-1.84166062604856
0.04,0.4,0.12,1,-0.184910938043683
0.04,0.4,0.12,1,-1.18031521715279
0.04,0.4,0.12,1,1.82820936557965
0.04,0.4,0.12,1,-1.75423469351478
0.04,0.4,0.12,1,0.51194712333044
0.04,0.4,0.12,1,1.36720113473371
0.04,0.4,0.12,1,-1.42166509277205
0.04,0.4,0.12,1,0.499992418402178
0.04,0.4,0.12,1,0.742505438174114
0.04,0.4,0.12,1,0.316474064630727
0.04,0.4,0.12,1,0.0525087178926329
0.04,0.4,0.12,1,-0.499721181866999
0.04,0.4,0.12,1,0.186516174222584
0.04,0.4,0.12,1,1.35547045293597
0.04,0.4,0.12,1,0.557985282994364
0.04,0.4,0.12,1,-0.729365370335902
0.04,0.4,0.12,1,0.296450509240949
0.04,0.4,0.12,1,0.207519664351943
0.04,0.4,0.12,1,1.71473743274067
0.04,0.4,0.12,1,1.31745538713702
0.04,0.4,0.12,1,1.71524626599224
0.04,0.4,0.12,1,0.108055399554293
0.04,0.4,0.12,1,-1.79746728511958
0.04,0.4,0.12,1,0.942464475046405
0.04,0.4,0.12,1,-1.26184699379142
0.04,0.4,0.12,1,1.18309381658114
0.04,0.4,0.12,1,0.686053254039
0.04,0.4,0.12,1,-1.97426672244971
0.04,0.4,0.12,1,-0.432980990794827
0.04,0.4,0.12,1,1.05241316432261
0.04,0.4,0.12,1,-0.873003577780131
0.04,0.4,0.12,1,1.28341482054575
0.04,0.4,0.12,1,1.3341588356511
0.04,0.4,0.12,1,-1.96171701972072
0.04,0.4,0.12,1,-1.89711200731535
0.04,0.4,0.12,1,0.943975608001788
0.04,0.4,0.12,1,-0.721070523067162
0.04,0.4,0.12,1,1.03564810700577
0.04,0.4,0.12,1,-0.0456777355632307
0.04,0.4,0.12,1,-1.90135989342975
0.04,0.4,0.12,1,-0.393976421897132
0.04,0.4,0.12,1,-0.82244286247851
0.04,0.4,0.12,1,-1.33409824103086
0.04,0.4,0.12,1,0.209334990821668
0.04,0.4,0.12,1,-0.853860531344249
0.04,0.4,0.12,1,1.50399646636351
0.04,0.4,0.12,1,1.94047064082037
0.04,0.4,0.12,1,-0.980119710014437
0.04,0.4,0.12,1,-1.6432410927829
0.04,0.4,0.12,1,1.1380095130193
0.04,0.4,0.12,1,0.85597717645783
0.04,0.4,0.12,1,-0.0751196242880572
0.04,0.4,0.12,1,1.46968288051324
0.04,0.4,0.12,1,-1.07703398875033
0.04,0.4,0.12,1,-0.817863498140498
0.04,0.4,0.12,1,-0.531514679172766
0.04,0.4,0.12,1,-0.896272756356731
0.04,0.4,0.12,1,-1.2744460714222
0.04,0.4,0.12,1,-0.233388565684015
0.04,0.4,0.12,1,-1.67343702216846
0.04,0.4,0.12,1,1.0651101641547
0.04,0.4,0.12,1,-0.905339427704726
0.04,0.4,0.12,1,0.629413654267083
0.04,0.4,0.12,1,1.4645196461661
0.04,0.4,0.12,1,-1.00243833436521
0.04,0.4,0.12,1,-1.81136785761488
0.04,0.4,0.12,1,-0.54866105887981
0.04,0.4,0.12,1,1.87503536598928
0.04,0.4,0.12,1,0.192256981399015
0.04,0.4,0.12,1,1.87646321096861
0.04,0.4,0.12,1,0.139060553907963
0.04,0.4,0.12,1,0.0292305363544241
0.04,0.4,0.12,1,1.88681075086549
0.04,0.4,0.12,1,-1.95231895090941
0.04,0.4,0.12,1,0.325769862170394
0.04,0.4,0.12,1,-1.10503396849726
0.04,0.4,0.12,1,-1.18357085553342
0.04,0.4,0.12,1,1.63590925721302
0.04,0.4,0.12,1,0.30601700747932
0.04,0.4,0.12,1,1.24198418481787
0.04,0.4,0.12,1,-1.52796616125667
0.04,0.4,0.12,1,0.326889078665295
0.04,0.4,0.12,1,-1.88197321323405
0.04,0.4,0.12,1,-0.408248810324809
0.04,0.4,0.12,1,0.293195555014431
0.04,0.4,0.12,1,-1.15626778990342
0.04,0.4,0.12,1,-1.60422511221578
0.04,0.4,0.12,1,-1.36763239898564
0.04,0.4,0.12,1,0.503602867253171
0.04,0.4,0.12,1,0.830948428043406
0.04,0.4,0.12,1,-1.74803570234389
0.04,0.4,0.12,1,1.82109026142323
0.04,0.4,0.12,1,1.86690441692582
0.04,0.4,0.12,1,1.03030785679171
0.04,0.4,0.12,1,-0.373131577594981
0.04,0.4,0.12,1,1.8296589642666
0.04,0.4,0.12,1,1.43052790426634
0.04,0.4,0.12,1,-0.271931024684075
0.04,0.4,0.12,1,1.04553878050461
0.04,0.4,0.12,1,-1.28423763610279
0.04,0.4,0.12,1,1.19553730814006
0.04,0.4,0.12,1,-0.0938238726219534
0.04,0.4,0.12,1,-1.46089483633877
0.04,0.4,0.12,1,-0.202197342325435
0.04,0.4,0.12,1,-0.346340091636035
0.04,0.4,0.12,1,-0.13728609415985
0.04,0.4,0.12,1,-0.129818111150951
0.04,0.4,0.12,1,-1.28884525282245
0.04,0.4,0.12,1,1.05371296896848
0.04,0.4,0.12,1,-0.190863677748269
0.04,0.4,0.12,1,0.78015201598582
0.04,0.4,0.12,1,0.662837344790476
0.04,0.4,0.12,1,-1.84292619698213
0.04,0.4,0.12,1,-0.745901259311572
0.04,0.4,0.12,1,1.29950878366129
0.04,0.4,0.12,1,-1.28225053839658
0.04,0.4,0.12,1,0.415784415673588
0.04,0.4,0.12,1,-1.37262734170051
0.04,0.4,0.12,1,0.844477622899134
0.04,0.4,0.12,1,1.23902153975941
0.04,0.4,0.12,1,1.132266218205
0.04,0.4,0.12,1,-0.129727944235274
0.04,0.4,0.12,1,1.10378084221695
0.04,0.4,0.12,1,-0.582369596954283
0.04,0.4,0.12,1,-1.27855886163847
0.04,0.4,0.12,1,0.945876111309635
0.04,0.4,0.12,1,1.59007513394116
0.04,0.4,0.12,1,-0.478722425153637
0.04,0.4,0.12,1,-1.09368178854035
0.04,0.4,0.12,1,-0.0793134313462076
0.04,0.4,0.12,1,-1.11917204194452
0.04,0.4,0.12,1,0.513587046077544
0.04,0.4,0.12,1,-1.72418748760604
0.04,0.4,0.12,1,-0.330601133316486
0.04,0.4,0.12,1,0.0177799172849649
0.04,0.4,0.12,1,0.983442323029251
0.04,0.4,0.12,1,-1.62044319647865
0.04,0.4,0.12,1,1.52520640878069
0.04,0.4,0.12,1,-0.14076514060476
0.04,0.4,0.12,1,1.53058011771981
0.04,0.4,0.12,1,0.050161005214457
0.04,0.4,0.12,1,-1.53996450458095
0.04,0.4,0.12,1,-1.67441405081772
0.04,0.4,0.12,1,1.52777056490771
0.04,0.4,0.12,1,-0.470486012102238
0.04,0.4,0.12,1,-1.11409844678571
0.04,0.4,0.12,1,1.58086385585235
0.04,0.4,0.12,1,1.00677784738276
0.04,0.4,0.12,1,1.45870073316437
0.04,0.4,0.12,1,-1.18069748587197
0.04,0.4,0.12,1,0.405551008536707
0.04,0.4,0.12,1,-1.29579639389751
0.04,0.4,0.12,1,-0.929045498313065
0.04,0.4,0.12,1,-1.81725276985022
0.04,0.4,0.12,1,-0.487718761356417
0.04,0.4,0.12,1,0.71110102817716
0.04,0.4,0.12,1,-0.411706173762555
0.04,0.4,0.12,1,0.423477054664835
0.04,0.4,0.12,1,-1.87823536376045
0.04,0.4,0.12,1,-0.0417918747771755
0.04,0.4,0.12,1,0.328760087448067
0.04,0.4,0.12,1,1.92064091862032
0.04,0.4,0.12,1,0.135040113599819
0.04,0.4,0.12,1,1.68182232207066
0.04,0.4,0.12,1,1.10968776113713
0.04,0.4,0.12,1,0.281534183757518
0.04,0.4,0.12,1,-1.75813060609292
0.04,0.4,0.12,1,0.437582771490302
0.04,0.4,0.12,1,-1.43872083504174
0.04,0.4,0.12,1,0.107064603757935
0.04,0.4,0.12,1,1.28003658224314
0.04,0.4,0.12,1,-0.854300428691418
0.04,0.4,0.12,1,0.0592003510886476
0.04,0.4,0.12,1,1.1679222482236
0.04,0.4,0.12,1,-1.1529408188489
0.04,0.4,0.12,1,-1.17662150567032
0.04,0.4,0.12,1,-0.632818454785433
0.04,0.4,0.12,1,-0.374661821946965
0.04,0.4,0.12,1,1.38030259895419
0.04,0.4,0.12,1,0.278047438668877
0.04,0.4,0.12,1,1.54258753467128
0.04,0.4,0.12,1,-0.346474273840493
0.04,0.4,0.12,1,-0.607853676985857
0.04,0.4,0.12,1,-1.89558959274102
0.04,0.4,0.12,1,0.489517194224458
0.04,0.4,0.12,1,-0.986100546300144
0.04,0.4,0.12,1,-1.32092367634841
0.04,0.4,0.12,1,-1.04045920162007
0.04,0.4,0.12,1,-0.739307641695622
0.04,0.4,0.12,1,-1.16243782437802
0.04,0.4,0.12,1,-1.99267571043778
0.04,0.4,0.12,1,-0.897445247279331
0.04,0.4,0.12,1,-1.32163232466058
0.04,0.4,0.12,1,-0.672625320184172
0.04,0.4,0.12,1,0.913922659039322
0.04,0.4,0.12,1,-0.513937843550723
0.04,0.4,0.12,1,0.610589553470469
0.04,0.4,0.12,1,-1.82741666929331
0.04,0.4,0.12,1,-1.45100154946883
0.04,0.4,0.12,1,-1.25143531794881
0.04,0.4,0.12,1,-1.97237684691701
0.04,0.4,0.12,1,-1.66041761090479
0.04,0.4,0.12,1,0.333123882285796
0.04,0.4,0.12,1,1.99580811742481
0.04,0.4,0.12,1,-1.84964711495856
0.04,0.4,0.12,1,-0.0927401000126555
0.04,0.4,0.12,1,-1.03364898880184
0.04,0.4,0.12,1,1.66191467183239
0.04,0.4,0.12,1,-1.59659372288214
0.04,0.4,0.12,1,1.96579533881651
0.04,0.4,0.12,1,0.936996175380352
0.04,0.4,0.12,1,-1.01383168107138
0.04,0.4,0.12,1,0.436992980993494
0.04,0.4,0.12,1,1.13032720178335
0.04,0.4,0.12,1,0.630947263941128
0.04,0.4,0.12,1,0.0628880962780158
0.04,0.4,0.12,1,-0.829535576189816
0.04,0.4,0.12,1,1.50354567128618
0.04,0.4,0.12,1,1.4597413814176
0.04,0.4,0.12,1,0.201544224375524
0.04,0.4,0.12,1,1.33435021091825
0.04,0.4,0.12,1,0.51036360610856
0.04,0.4,0.12,1,-1.97042378274739
0.04,0.4,0.12,1,-1.98863812485379
0.04,0.4,0.12,1,0.712324247468103
0.04,0.4,0.12,1,-1.57916029850137
0.04,0.4,0.12,1,-0.309356649874185
0.04,0.4,0.12,1,0.567438547036953
0.04,0.4,0.12,1,0.732974002126614
0.04,0.4,0.12,1,-0.491855689306033
0.04,0.4,0.12,1,-0.656776722389598
0.04,0.4,0.12,1,0.0329346532432342
0.04,0.4,0.12,1,-0.957274162994649
0.04,0.4,0.12,1,0.204360002025329
0.04,0.4,0.12,1,1.55883532672353
0.04,0.4,0.12,1,-0.324414959352161
0.04,0.4,0.12,1,1.14210885062895
0.04,0.4,0.12,1,-1.9915336928538
0.04,0.4,0.12,1,-0.710105822313204
0.04,0.4,0.12,1,1.13386658657604
0.04,0.4,0.12,1,1.25223398857425
0.04,0.4,0.12,1,-0.799236787250612
0.04,0.4,0.12,1,-1.67621258277133
0.04,0.4,0.12,1,1.69292326851403
0.04,0.4,0.12,1,0.88630308615891
0.04,0.4,0.12,1,-0.440677170994184
0.04,0.4,0.12,1,0.166022848673827
0.04,0.4,0.12,1,-1.06139817504477
0.04,0.4,0.12,1,-1.09781917860846
0.04,0.4,0.12,1,0.765504015163567
0.04,0.4,0.12,1,0.754224775103295
0.04,0.4,0.12,1,0.0260577588400941
0.04,0.4,0.12,1,-1.30355161054848
0.04,0.4,0.12,1,1.00741844710593
0.04,0.4,0.12,1,-0.569669551010259
0.04,0.4,0.12,1,-0.860247611698105
0.04,0.4,0.12,1,1.79951075312954
0.04,0.4,0.12,1,-0.935822748017419
0.04,0.4,0.12,1,0.695063375788297
0.04,0.4,0.12,1,1.88293394145244
0.04,0.4,0.12,1,1.90504707619209
0.04,0.4,0.12,1,-0.0523700121564157
0.04,0.4,0.12,1,1.31418727921632
0.04,0.4,0.12,1,0.946182249867875
0.04,0.4,0.12,1,1.30570783250895
0.04,0.4,0.12,1,-0.816908259407402
0.04,0.4,0.12,1,1.92770162500655
0.04,0.4,0.12,1,1.22245321253638
0.04,0.4,0.12,1,-1.70807156418972
0.04,0.4,0.12,1,-1.18217525039441
0.04,0.4,0.12,1,-1.03987370380443
0.04,0.4,0.12,1,1.68844367292612
0.04,0.4,0.12,1,0.935954630931309
0.04,0.4,0.12,1,0.956486705900477
0.04,0.4,0.12,1,1.79377995532258
0.04,0.4,0.12,1,1.0196769075871
0.04,0.4,0.12,1,1.93731198201949
0.04,0.4,0.12,1,1.1012769377496
0.04,0.4,0.12,1,1.6836868919988
0.04,0.4,0.12,1,-0.613826588469019
0.04,0.4,0.12,1,-0.675377048650074
0.04,0.4,0.12,1,0.0487667352501306
0.04,0.4,0.12,1,0.26653344067531
0.04,0.4,0.12,1,1.3495721496268
0.04,0.4,0.12,1,1.43852727756018
0.04,0.4,0.12,1,0.235644897753267
0.04,0.4,0.12,1,0.990988180281951
0.04,0.4,0.12,1,1.39016307666038
0.04,0.4,0.12,1,-1.29266950015369
0.04,0.4,0.12,1,-1.32755351563429
0.04,0.4,0.12,1,0.769146089036456
0.04,0.4,0.12,1,1.55153472779833
0.04,0.4,0.12,1,1.81176667323573
0.04,0.4,0.12,1,-1.61577214683351
0.04,0.4,0.12,1,1.8833806375571
0.04,0.4,0.12,1,-1.1220331311531
0.04,0.4,0.12,1,-1.06865436841588
0.04,0.4,0.12,1,0.612757335440164
0.04,0.4,0.12,1,1.58491156972594
0.04,0.4,0.12,1,-0.121131856810487
0.04,0.4,0.12,1,-1.14194553713554
0.04,0.4,0.12,1,-0.91069549827337
0.04,0.4,0.12,1,0.936962939450865
0.04,0.4,0.12,1,-0.828829171018449
0.04,0.4,0.12,1,0.943055662678736
0.04,0.4,0.12,1,0.0676714626444852
0.04,0.4,0.12,1,-1.27583296771861
0.04,0.4,0.12,1,1.33229085066805
0.04,0.4,0.12,1,-1.49805615060503
0.04,0.4,0.12,1,0.804605061187382
0.04,0.4,0.12,1,-0.324673823583398
0.04,0.4,0.12,1,0.444133645671904
0.04,0.4,0.12,1,-1.37352435735699
0.04,0.4,0.12,1,1.03849133077215
0.04,0.4,0.12,1,0.563596958722319
0.04,0.4,0.12,1,0.829712445610781
0.04,0.4,0.12,1,-1.3984757615668
0.04,0.4,0.12,1,0.618349228570923
0.04,0.4,0.12,1,0.732896321449697
0.04,0.4,0.12,1,-1.07241747084666
0.04,0.4,0.12,1,-1.05470554527152
0.04,0.4,0.12,1,-1.75356212322703
0.04,0.4,0.12,1,-1.15097009166793
0.04,0.4,0.12,1,-1.9503304023162
0.04,0.4,0.12,1,-0.0498941025272597
0.04,0.4,0.12,1,0.336046963615544
0.04,0.4,0.12,1,0.956395169328096
0.04,0.4,0.12,1,0.235709073336027
0.04,0.4,0.12,1,-1.59327210188723
0.04,0.4,0.12,1,0.0118115268295393
0.04,0.4,0.12,1,-1.27181111701086
0.04,0.4,0.12,1,-1.01613834253727
0.04,0.4,0.12,1,-1.77980686510382
0.04,0.4,0.12,1,-0.239334780838011
0.04,0.4,0.12,1,-0.0362196090129183
0.04,0.4,0.12,1,-0.329863498978993
0.04,0.4,0.12,1,-0.020960257103221
0.04,0.4,0.12,1,-0.479506618509394
0.04,0.4,0.12,1,1.50848082410316
0.04,0.4,0.12,1,-1.86208110742966
0.04,0.4,0.12,1,-0.442061073064263
0.04,0.4,0.12,1,1.92598041059584
0.04,0.4,0.12,1,1.02714518967739
0.04,0.4,0.12,1,0.414361536489621
0.04,0.4,0.12,1,-1.05898306934156
0.04,0.4,0.12,1,-1.17467036473371
0.04,0.4,0.12,1,1.40193922184617
0.04,0.4,0.12,1,0.731678842061607
0.04,0.4,0.12,1,-1.46078828270599
0.04,0.4,0.12,1,-1.79245946325342
0.04,0.4,0.12,1,1.29199620344996
0.04,0.4,0.12,1,-1.88409066814008
0.04,0.4,0.12,1,-1.80785154374885
0.04,0.4,0.12,1,1.30022429023367
0.04,0.4,0.12,1,-0.489764329321912
0.04,0.4,0.12,1,1.51376211472095
0.04,0.4,0.12,1,-0.975871358409086
0.04,0.4,0.12,1,1.54673824184952
0.04,0.4,0.12,1,-0.118644644245625
0.04,0.4,0.12,1,-0.906166425936779
0.04,0.4,0.12,1,1.06378709612135
0.04,0.4,0.12,1,-1.95666292903762
0.04,0.4,0.12,1,-0.185747664765677
0.04,0.4,0.12,1,1.40184340514971
0.04,0.4,0.12,1,0.175876371447879
0.04,0.4,0.12,1,0.877672689037992
0.04,0.4,0.12,1,0.722245004252271
0.04,0.4,0.12,1,1.54312322015467
0.04,0.4,0.12,1,-1.22799523371564
0.04,0.4,0.12,1,1.1507606637756
0.04,0.4,0.12,1,-1.71481743995127
0.04,0.4,0.12,1,0.604969231641207
0.04,0.4,0.12,1,1.7011197539251
0.04,0.4,0.12,1,-1.13603943616388
0.04,0.4,0.12,1,-0.744113807874177
0.04,0.4,0.12,1,-0.205061948539627
0.04,0.4,0.12,1,1.25140692731165
0.04,0.4,0.12,1,-1.3957875870812
0.04,0.4,0.12,1,0.259796728869787
0.04,0.4,0.12,1,-1.91230081100325
0.04,0.4,0.12,1,-1.48689409802204
0.04,0.4,0.12,1,-0.160899157775279
0.04,0.4,0.12,1,-1.79709297077436
0.04,0.4,0.12,1,-1.80258336699718
0.04,0.4,0.12,1,0.88234253997875
0.04,0.4,0.12,1,0.905896819696403
0.04,0.4,0.12,1,-1.34339655337742
0.04,0.4,0.12,1,0.74501811598504
0.04,0.4,0.12,1,-0.875532484245324
0.04,0.4,0.12,1,-1.2751454623748
0.04,0.4,0.12,1,-0.774689171786409
0.04,0.4,0.12,1,-0.44887907332945
0.04,0.4,0.12,1,1.4765875289907
0.04,0.4,0.12,1,-0.932709857009844
0.04,0.4,0.12,1,1.61861782214532
0.04,0.4,0.12,1,1.28913368048511
0.04,0.4,0.12,1,-1.81786560085807
0.04,0.4,0.12,1,-0.304590301348374
0.04,0.4,0.12,1,0.829149084062676
0.04,0.4,0.12,1,-1.27925256536583
0.04,0.4,0.12,1,1.90551035382497
0.04,0.4,0.12,1,0.112766560401059
0.04,0.4,0.12,1,0.712942657529734
0.04,0.4,0.12,1,0.987687233785834
0.04,0.4,0.12,1,-1.30915076787228
0.04,0.4,0.12,1,-0.0660745962095457
0.04,0.4,0.12,1,0.20968681518682
0.04,0.4,0.12,1,-1.59100594294109
0.04,0.4,0.12,1,1.19807591110399
0.04,0.4,0.12,1,1.17087645350618
0.04,0.4,0.12,1,1.47156065673442
0.04,0.4,0.12,1,-1.6337275951553
0.04,0.4,0.12,1,0.50458232312445
0.04,0.4,0.12,1,0.965149978181811
0.04,0.4,0.12,1,-0.596392939971349
0.04,0.4,0.12,1,1.12104071736063
0.04,0.4,0.12,1,1.85976853259994
0.04,0.4,0.12,1,1.53141570531096
0.04,0.4,0.12,1,-0.479251224678939
0.04,0.4,0.12,1,1.19867234073467
0.04,0.4,0.12,1,-0.591294373995169
0.04,0.4,0.12,1,1.58098628685116
0.04,0.4,0.12,1,-0.55539105097631
0.04,0.4,0.12,1,-1.50466968748994
0.04,0.4,0.12,1,-0.74491992783333
0.04,0.4,0.12,1,0.737089980641743
0.04,0.4,0.12,1,1.46296212677947
0.04,0.4,0.12,1,-1.22811188768455
0.04,0.4,0.12,1,-1.41382412372387
0.04,0.4,0.12,1,-1.94915238536953
0.04,0.4,0.12,1,-1.78855657884012
0.04,0.4,0.12,1,-1.95906276663584
0.04,0.4,0.12,1,0.41991123510018
0.04,0.4,0.12,1,-1.32284610497303
0.04,0.4,0.12,1,-1.03212522898812
0.04,0.4,0.12,1,-0.556015575360154
0.04,0.4,0.12,1,-1.44160044430975
0.04,0.4,0.12,1,0.0534165745682063
0.04,0.4,0.12,1,0.249960804408375
0.04,0.4,0.12,1,-1.18171385527864
0.04,0.4,0.12,1,1.65510544546091
0.04,0.4,0.12,1,-0.227971250845365
0.04,0.4,0.12,1,-0.13962394924835
0.04,0.4,0.12,1,-0.291076371643753
0.04,0.4,0.12,1,0.235923850613632
0.04,0.4,0.12,1,-1.20427849874831
0.04,0.4,0.12,1,-1.46080144260715
0.04,0.4,0.12,1,-1.10584863676653
0.04,0.4,0.12,1,0.0489815609719266
0.04,0.4,0.12,1,1.49222443304387
0.04,0.4,0.12,1,-0.0946072226368089
0.04,0.4,0.12,1,0.373098484241792
0.04,0.4,0.12,1,-0.633762537711462
0.04,0.4,0.12,1,-1.28161817241646
0.04,0.4,0.12,1,0.823456723106
0.04,0.4,0.12,1,1.22713146990924
0.04,0.4,0.12,1,-1.4215503254069
0.04,0.4,0.12,1,1.29066571205204
0.04,0.4,0.12,1,-1.6256797871872
0.04,0.4,0.12,1,1.47262381826152
0.04,0.4,0.12,1,1.49473103440637
0.04,0.4,0.12,1,0.657529533095727
0.04,0.4,0.12,1,0.62796468534933
0.04,0.4,0.12,1,-0.727524794889838
0.04,0.4,0.12,1,0.889181160652878
0.04,0.4,0.12,1,-1.43832917680448
0.04,0.4,0.12,1,1.42041973564578
0.04,0.4,0.12,1,-1.53030713528942
0.04,0.4,0.12,1,0.851607283651925
0.04,0.4,0.12,1,-1.41517616987598
0.04,0.4,0.12,1,-0.757606092546675
0.04,0.4,0.12,1,-0.0575213540190909
0.04,0.4,0.12,1,-0.0946450292609904
0.04,0.4,0.12,1,-0.836211699208901
0.04,0.4,0.12,1,0.957013761451761
0.04,0.4,0.12,1,-0.854167350626476
0.04,0.4,0.12,1,0.641413301160122
0.04,0.4,0.12,1,0.146285203076118
0.04,0.4,0.12,1,0.924726774797385
0.04,0.4,0.12,1,-0.510495516298169
0.04,0.4,0.12,1,-0.93637095564378
0.04,0.4,0.12,1,0.62992242453605
0.04,0.4,0.12,1,1.10968501429519
0.04,0.4,0.12,1,0.750240636627449
0.04,0.4,0.12,1,-0.466997648481531
0.04,0.4,0.12,1,-0.298195945565451
0.04,0.4,0.12,1,-0.286049447959067
0.04,0.4,0.12,1,-0.942984714476425
0.04,0.4,0.12,1,-0.799601423056803
0.04,0.4,0.12,1,-0.934221372326571
0.04,0.4,0.12,1,0.349743944170927
0.04,0.4,0.12,1,-1.34285889068068
0.04,0.4,0.12,1,0.92442607770152
0.04,0.4,0.12,1,1.26904751842713
0.04,0.4,0.12,1,1.54971406605283
0.04,0.4,0.12,1,0.0506221449771513
0.04,0.4,0.12,1,-0.547264792608605
0.04,0.4,0.12,1,0.88472285383628
0.04,0.4,0.12,1,1.3987410182852
0.04,0.4,0.12,1,-1.63386571230639
0.04,0.4,0.12,1,-0.9818227551627
0.04,0.4,0.12,1,-1.08672911131458
0.04,0.4,0.12,1,0.516661349067794
0.04,0.4,0.12,1,-0.589723161198436
0.04,0.4,0.12,1,1.01380663632207
0.04,0.4,0.12,1,-1.6228326952277
0.04,0.4,0.12,1,1.0696034017678
0.04,0.4,0.12,1,1.00902050651015
0.04,0.4,0.12,1,1.1781756061178
0.04,0.4,0.12,1,0.893214498324789
0.04,0.4,0.12,1,0.355659947028518
0.04,0.4,0.12,1,-0.477016042336372
0.04,0.4,0.12,1,-0.826887469010798
0.04,0.4,0.12,1,-0.0901701264175032
0.04,0.4,0.12,1,1.46960172866707
0.04,0.4,0.12,1,-1.8198070396418
0.04,0.4,0.12,1,-1.18125830188279
0.04,0.4,0.12,1,-0.123058730918428
0.04,0.4,0.12,1,0.269944883192261
0.04,0.4,0.12,1,-1.28182150739325
0.04,0.4,0.12,1,-0.151181300778132
0.04,0.4,0.12,1,-1.02232473053688
0.04,0.4,0.12,1,0.196887493674071
0.04,0.4,0.12,1,1.69760219091076
0.04,0.4,0.12,1,-0.971351313849499
0.04,0.4,0.12,1,-0.144604933671518
0.04,0.4,0.12,1,-1.64299813839225
0.04,0.4,0.12,1,-1.47141258214703
0.04,0.4,0.12,1,-0.0200617962378313
0.04,0.4,0.12,1,-1.02221568533799
0.04,0.4,0.12,1,-1.45867850545735
0.04,0.4,0.12,1,-1.98540084999307
0.04,0.4,0.12,1,-1.00587613089713
0.04,0.4,0.12,1,-0.858559376419247
0.04,0.4,0.12,1,1.33641626169029
0.04,0.4,0.12,1,1.75749625489123
0.04,0.4,0.12,1,-1.75531739653883
0.04,0.4,0.12,1,-1.0009949859412
0.04,0.4,0.12,1,-0.813192063531404
0.04,0.4,0.12,1,-0.66531954797597
0.04,0.4,0.12,1,0.286420829223504
0.04,0.4,0.12,1,-0.9526177317527
0.04,0.4,0.12,1,1.0381727287276
0.04,0.4,0.12,1,-0.125830751548177
0.04,0.4,0.12,1,0.51039941818819
0.04,0.4,0.12,1,0.717069109995673
0.04,0.4,0.12,1,0.404440423350984
0.04,0.4,0.12,1,-0.171401983929119
0.04,0.4,0.12,1,1.04153532960475
0.04,0.4,0.12,1,-0.00977331021128824
0.04,0.4,0.12,1,0.567671020648441
0.04,0.4,0.12,1,-0.881727568281153
0.04,0.4,0.12,1,-1.82578822971043
0.04,0.4,0.12,1,-1.4566874679961
0.04,0.4,0.12,1,1.47110863408158
0.04,0.4,0.12,1,1.78888372257414
0.04,0.4,0.12,1,-1.45627890166341
0.04,0.4,0.12,1,-0.151892945318663
0.04,0.4,0.12,1,1.18725952938022
0.04,0.4,0.12,1,-0.0198848939468834
0.04,0.4,0.12,1,0.152166955646291
0.04,0.4,0.12,1,0.399657723106742
0.04,0.4,0.12,1,0.854804860846874
0.04,0.4,0.12,1,-0.847909183089872
0.04,0.4,0.12,1,0.123863311413932
0.04,0.4,0.12,1,-0.930505063400608
0.04,0.4,0.12,1,1.10732801704552
0.04,0.4,0.12,1,-1.94666052721645
0.04,0.4,0.12,1,-1.4614161935527
0.04,0.4,0.12,1,-0.118698451547274
0.04,0.4,0.12,1,-1.66798821708628
0.04,0.4,0.12,1,1.65973814465297
0.04,0.4,0.12,1,0.510156979187926
0.04,0.4,0.12,1,-0.185598935609581
0.04,0.4,0.12,1,-1.00121848511455
0.04,0.4,0.12,1,-1.94719023775837
0.04,0.4,0.12,1,-0.451120250832622
0.04,0.4,0.12,1,0.264127002493001
0.04,0.4,0.12,1,0.376009732297876
0.04,0.4,0.12,1,-1.00720085644834
0.04,0.4,0.12,1,-0.217252424947963
0.04,0.4,0.12,1,1.16366006743625
0.04,0.4,0.12,1,1.93143316003942
0.04,0.4,0.12,1,-1.90517351551924
0.04,0.4,0.12,1,-1.02682568557897
0.04,0.4,0.12,1,1.7345558949779
0.04,0.4,0.12,1,0.00672746337650931
0.04,0.4,0.12,1,1.79786655193765
0.04,0.4,0.12,1,0.65670573620726
0.04,0.4,0.12,1,-1.7370002789441
0.04,0.4,0.12,1,0.790611807217305
0.04,0.4,0.12,1,-1.46434388400499
0.04,0.4,0.12,1,-0.821367189426863
0.04,0.4,0.12,1,-1.32438089514387
0.04,0.4,0.12,1,0.818306045306522
0.04,0.4,0.12,1,-0.37333024330671
0.04,0.4,0.12,1,1.12673605775205
0.04,0.4,0.12,1,-0.554985659226785
0.04,0.4,0.12,1,-1.08957843812029
0.04,0.4,0.12,1,-1.14903334543196
0.04,0.4,0.12,1,1.86939582963967
0.04,0.4,0.12,1,0.598196427916773
0.04,0.4,0.12,1,0.655599911919395
0.04,0.4,0.12,1,0.473953279539067
0.04,0.4,0.12,1,-1.472884142247
0.04,0.4,0.12,1,1.73951179384226
0.04,0.4,0.12,1,-1.01026403879247
0.04,0.4,0.12,1,-0.993631842052686
0.04,0.4,0.12,1,-1.81365646120235
0.04,0.4,0.12,1,0.951889026430734
0.04,0.4,0.12,1,0.650002923560786
0.04,0.4,0.12,1,-0.573951952333073
0.04,0.4,0.12,1,0.616472525919722
0.04,0.4,0.12,1,0.105403346498151
0.04,0.4,0.12,1,-1.34604091614818
0.04,0.4,0.12,1,1.44752163229253
0.04,0.4,0.12,1,1.40057242683769
0.04,0.4,0.12,1,-0.279078281064966
0.04,0.4,0.12,1,-1.39714079916413
